{
	"music_disc.ward":{
		"category":"music",
		"replace":"true",
		"sounds":[
			{
				"name":"roundabout",
				"stream":"true"
			}
		]
	},
	"music_disc.strad":{
		"category":"music",
		"replace":"true",
		"sounds":[
			{
				"name":"the_spectre",
				"stream":"true"
			}
		]
	},
	"music_disc.stal":{
		"category":"music",
		"replace":"true",
		"sounds":[
			{
				"name":"ygchxbm",
				"stream":"true"
			}
		]
	},
	"music_disc.mellohi":{
		"category":"music",
		"replace":"true",
		"sounds":[
			{
				"name":"f1",
				"stream":"true"
			}
		]
	},
	"music_disc.mall":{
		"category":"music",
		"replace":"true",
		"sounds":[
			{
				"name":"funky_stars",
				"stream":"true"
			}
		]
	},
	"music_disc.cat":{
		"category":"music",
		"replace":"true",
		"sounds":[
			{
				"name":"something_just_like_this",
				"stream":"true"
			}
		]
	},
	"music_disc.13":{
		"category":"music",
		"replace":"true",
		"sounds":[
			{
				"name":"sing_me_to_sleep",
				"stream":"true"
			}
		]
	},
	"music_disc.11":{
		"category":"music",
		"replace":"true",
		"sounds":[
			{
				"name":"proi_proi",
				"stream":"true"
			}
		]
	},
	"music_disc.blocks":{
		"category":"music",
		"replace":"true",
		"sounds":[
			{
				"name":"take_me_to_the_beach",
				"stream":"true"
			}
		]
	},
	"music_disc.chirp":{
		"category":"music",
		"replace":"true",
		"sounds":[
			{
				"name":"eyes_closed",
				"stream":"true"
			}
		]
	},
	"music_disc.far":{
		"category":"music",
		"replace":"true",
		"sounds":[
			{
				"name":"yaoban",
				"stream":"true"
			}
		]
	},
	"music_disc.wait":{
		"category":"music",
		"replace":"true",
		"sounds":[
			{
				"name":"beat_it",
				"stream":"true"
			}
		]
	}
}